<?xml version="1.0" encoding="utf-8"?><Defs><!-- This XML document was intentionally and automatically minified. --><ThingSetMakerDef><!-- Luci + more artefacts --><defName>Reward_gameOfUrCompFirstPlace</defName><root Class = "ThingSetMaker_Sum"><options><li><chance>0.8</chance><thingSetMaker Class="ThingSetMaker_StackCount"><fixedParams><filter><thingDefs><li>Luciferium</li></thingDefs></filter><countRange><min>8</min><max>21</max></countRange></fixedParams></thingSetMaker></li><li><chance>0.8</chance><thingSetMaker Class="ThingSetMaker_StackCount"><fixedParams><filter><thingDefs><li>Luciferium</li></thingDefs></filter><countRange><min>5</min><max>10</max></countRange></fixedParams></thingSetMaker></li><li><chance>0.6</chance><thingSetMaker Class="ThingSetMaker_Count"><fixedParams><filter><categories><li>Artifacts</li><li>Items</li></categories><disallowedThingDefs><li>AIPersonaCore</li></disallowedThingDefs></filter><countRange><min>1</min><max>2</max></countRange></fixedParams></thingSetMaker></li><li><chance>0.8</chance><thingSetMaker Class="ThingSetMaker_Count"><fixedParams><filter><categories><li>Artifacts</li><li>Items</li></categories><disallowedThingDefs><li>AIPersonaCore</li></disallowedThingDefs></filter><countRange><min>1</min><max>2</max></countRange></fixedParams></thingSetMaker></li></options></root></ThingSetMakerDef><ThingSetMakerDef><!-- Luci + artefacts --><defName>Reward_gameOfUrCompFirstLoser</defName><root Class = "ThingSetMaker_Sum"><options><li><chance>0.8</chance><thingSetMaker Class="ThingSetMaker_StackCount"><fixedParams><filter><thingDefs><li>Luciferium</li></thingDefs></filter><countRange><min>5</min><max>10</max></countRange></fixedParams></thingSetMaker></li><li><chance>0.6</chance><thingSetMaker Class="ThingSetMaker_StackCount"><fixedParams><filter><thingDefs><li>Luciferium</li></thingDefs></filter><countRange><min>5</min><max>10</max></countRange></fixedParams></thingSetMaker></li><li><chance>0.6</chance><thingSetMaker Class="ThingSetMaker_Count"><fixedParams><filter><categories><li>Artifacts</li><li>Items</li></categories><disallowedThingDefs><li>AIPersonaCore</li></disallowedThingDefs></filter><countRange><min>0</min><max>2</max></countRange></fixedParams></thingSetMaker></li><li><chance>0.6</chance><thingSetMaker Class="ThingSetMaker_Count"><fixedParams><filter><categories><li>Artifacts</li><li>Items</li></categories><disallowedThingDefs><li>AIPersonaCore</li></disallowedThingDefs></filter><countRange><min>0</min><max>2</max></countRange></fixedParams></thingSetMaker></li></options></root></ThingSetMakerDef><ThingSetMakerDef><!-- mostly placeholder --><defName>Reward_gameOfUrCompFirstOther</defName><root Class="ThingSetMaker_Sum"><options><li><chance>1</chance><thingSetMaker Class="ThingSetMaker_StackCount"><fixedParams><filter><thingDefs><li>Silver</li></thingDefs></filter><countRange><min>100</min><max>500</max></countRange></fixedParams></thingSetMaker></li></options></root></ThingSetMakerDef></Defs>