<?xml version="1.0" encoding="utf-8" ?>
<Defs>

	<IncidentDef>
		<defName>MFI_ReverseTradeRequest</defName>
		<label>trade request</label>
		<category>Misc</category>
		<targetTags>
			<li>Map_PlayerHome</li>
		</targetTags>
		<workerClass>MoreFactionInteraction.IncidentWorker_ReverseTradeRequest</workerClass>
		<letterLabel>Trade request</letterLabel>
		<!-- <letterDef>ReverseTradeRequest</letterDef> -->
		<baseChance>0.3</baseChance>
		<earliestDay>1</earliestDay>
		<minRefireDays>15</minRefireDays>
		<chanceFactorByPopulationCurve>
			<points>
				<li>(2,0)</li>
				<li>(7,1)</li>
			</points>
		</chanceFactorByPopulationCurve>
	</IncidentDef>

	<IncidentDef>
		<defName>MFI_PirateExtortion</defName>
		<label>pirate extortion</label>
		<category>ThreatSmall</category>
		<targetTags>
			<li>Map_PlayerHome</li>
		</targetTags>
		<workerClass>MoreFactionInteraction.IncidentWorker_Extortion</workerClass>
		<letterLabel>Pirate fee demand</letterLabel>
		<letterDef>ExtortionDemand</letterDef>
		<baseChance>1.25</baseChance>
		<earliestDay>30</earliestDay>
		<minRefireDays>15</minRefireDays>
		<chanceFactorByPopulationCurve>
			<points>
				<li>(2,0)</li>
				<li>(7,1)</li>
			</points>
		</chanceFactorByPopulationCurve>
	</IncidentDef>

	<IncidentDef>
		<defName>MFI_WoundedCombatants</defName>
		<label>wounded combatants</label>
		<category>Misc</category>
		<targetTags>
			<li>Map_PlayerHome</li>
		</targetTags>
		<workerClass>MoreFactionInteraction.MoreFactionWar.IncidentWorker_WoundedCombatants</workerClass>
		<baseChance>0.8</baseChance>
		<minRefireDays>8</minRefireDays>
		<earliestDay>30</earliestDay>
	</IncidentDef>

</Defs>